rmse,mae,r2_score,mape
142.2732172411538,64.731679962588,0.7474455169767964,2.4109257566467295
